City_ID,City,Cloudiness,Country,Date,Humidity,Lat,Lng,Max Temp,Wind Speed
0,Bima,79,ID,1578282998,61,-8.45,118.73,86.61,3.51
1,Bambous Virieux,75,MU,1578282772,94,-20.34,57.76,75.99,12.75
2,Jamestown,82,AU,1578283000,55,-33.21,138.6,73.4,0.31
3,Irbeyskoye,100,RU,1578283001,86,55.64,95.45,25.48,3.58
4,Lykhivka,92,UA,1578283002,93,48.69,33.92,31.57,9.28
5,Salym,100,RU,1578283004,93,60.06,71.48,20.86,9.48
6,Puerto Ayora,0,EC,1578283005,81,-0.74,-90.35,75.99,4
7,Provideniya,83,RU,1578283006,72,64.42,-173.23,-11.09,8.1
8,Nabire,86,ID,1578283007,58,-3.36,135.5,88.97,4.41
9,Mataura,100,NZ,1578283017,87,-46.19,168.86,48.99,23
10,Rikitea,52,PF,1578283018,76,-23.12,-134.97,76.28,16.04
11,Vanimo,100,PG,1578283019,74,-2.67,141.3,82.02,8.37
12,Atuona,63,PF,1578283020,78,-9.8,-139.03,79.9,10.71
13,Sidrolandia,0,BR,1578283021,69,-20.93,-54.96,75.2,6.93
14,Airai,100,TL,1578283022,53,-8.93,125.41,81.5,4.97
15,Punta Arenas,75,CL,1578283024,65,-53.16,-70.91,44.6,6.93
16,Ushuaia,75,AR,1578282943,75,-54.81,-68.31,46.4,24.16
17,Hilo,90,US,1578282753,78,19.71,-155.08,73.4,4.7
18,Victoria,75,BN,1578283027,58,5.28,115.24,87.8,5.82
19,Busselton,23,AU,1578283029,9,-33.64,115.35,91.99,11.43
20,Haines Junction,100,CA,1578283030,98,60.75,-137.51,-3.01,4.85
21,Hithadhoo,100,MV,1578283031,73,-0.6,73.08,84.33,12.73
22,Hobart,20,AU,1578283032,49,-42.88,147.33,78.01,18.34
23,Qaanaaq,74,GL,1578283033,51,77.48,-69.36,-25.26,2.95
24,Marsaxlokk,0,MT,1578283034,49,35.84,14.54,51.01,12.75
25,Vaini,75,IN,1578283035,83,15.34,74.49,69.8,5.82
26,San Quintin,0,PH,1578283036,53,17.54,120.52,83.32,5.12
27,Oxapampa,100,PE,1578282939,98,-10.58,-75.4,55.94,2.26
28,Pevek,0,RU,1578283039,80,69.7,170.27,-7.29,3.85
29,Port Elizabeth,40,US,1578283040,80,39.31,-74.98,37.4,4.94
30,Katsuura,75,JP,1578283041,49,33.93,134.5,53.01,11.41
31,Arlit,27,NE,1578283042,29,18.74,7.39,54.77,9.26
32,Birao,35,CF,1578283043,25,10.3,22.78,61.48,11.79
33,Port Alfred,99,ZA,1578282867,94,-33.59,26.89,68,3.13
34,Muriae,74,BR,1578282797,93,-21.13,-42.37,73,4.18
35,Cockburn Town,2,TC,1578282775,68,21.46,-71.14,77.47,8.16
36,Dikson,100,RU,1578283047,94,73.51,80.55,17.19,16.11
37,Saint-Philippe,1,CA,1578283048,66,45.36,-73.48,19.99,3.36
38,Cape Town,20,ZA,1578282766,72,-33.93,18.42,63,6.93
39,Bethel,1,US,1578283051,68,60.79,-161.76,-16.6,8.05
40,Georgetown,0,GY,1578282888,94,6.8,-58.16,68,2.24
41,Hermanus,100,ZA,1578283053,90,-34.42,19.24,63,1.01
42,Geraldton,90,CA,1578283054,85,49.72,-86.95,17.6,3.36
43,Bako,65,BF,1578283055,28,12.29,-0.73,63.03,9.33
44,Nanma,99,CN,1578283059,83,35.7,113.14,33.48,4.18
45,Olinda,90,AU,1578283060,87,-37.84,145.39,61,10.29
46,Longyearbyen,20,NO,1578283061,64,78.22,15.63,-0.4,14.99
47,Faanui,12,PF,1578283062,72,-16.48,-151.75,82.38,11.03
48,Terra Santa,28,BR,1578283063,72,-2.1,-56.49,78.24,2.33
49,Eureka,1,US,1578283064,87,40.8,-124.16,44.01,4.7
50,Staraya Poltavka,44,RU,1578283066,89,50.48,46.48,27.88,4.56
51,Aljezur,0,PT,1578283067,77,37.31,-8.8,52,8.72
52,Portland,1,US,1578282900,62,43.66,-70.25,24.01,10.78
53,Tiksi,3,RU,1578283069,86,71.64,128.87,-12.57,13.6
54,Potsdam,75,DE,1578283070,80,52.4,13.06,41,8.05
55,Zhangjiakou,50,CN,1578283071,76,40.77,114.88,19.42,7
56,Ust-Nera,100,RU,1578283072,100,64.57,143.24,-23.06,2.06
57,Srednekolymsk,28,RU,1578283073,84,67.46,153.71,-10.86,3.4
58,Taksimo,0,RU,1578283075,88,56.36,114.84,-3.41,1.05
59,Necochea,100,AR,1578282797,92,-38.55,-58.74,60.93,5.48
60,Ratnagiri,0,IN,1578283077,65,16.98,73.3,73.92,7.7
61,Puerto Escondido,0,MX,1578283078,79,15.86,-97.07,67.28,3.27
62,Cabedelo,75,BR,1578283079,83,-6.97,-34.84,78.8,4.7
63,San Carlos de Bariloche,40,AR,1578283080,57,-41.13,-71.31,48.2,21.92
64,Mangai,100,CD,1578283058,94,-4.07,19.59,70.14,1.16
65,Aswan,0,EG,1578283055,56,24.09,32.9,42.8,3.36
66,Leningradskiy,0,RU,1578283083,65,69.38,178.42,-9.13,3.71
67,Howell,90,US,1578283084,47,40.17,-74.19,37.4,12.75
68,Gao,0,ML,1578283086,22,16.28,-0.04,57.79,10.6
69,Russell,1,US,1578283087,47,38.9,-98.86,35.6,5.82
70,Lorengau,68,PG,1578283088,69,-2.02,147.27,85.35,8.57
71,Butaritari,100,KI,1578283089,75,3.07,172.79,85.01,17.43
72,Knysna,40,ZA,1578283090,93,-34.04,23.05,62.6,3.36
73,Bredasdorp,100,ZA,1578283094,68,-34.53,20.04,64.4,8.05
74,Albany,20,US,1578283095,68,42.65,-73.75,28,3.36
75,Codajas,78,BR,1578283096,75,-3.84,-62.06,78.51,2.06
76,Karratha,100,AU,1578282931,64,-20.74,116.85,87.49,6.98
77,Guarapari,40,BR,1578282927,94,-20.67,-40.5,78.8,6.93
78,Chokurdakh,16,RU,1578283100,100,70.62,147.9,-20.38,1.92
79,Norman Wells,5,CA,1578283101,73,65.28,-126.83,-36.4,4.14
80,Ukiah,1,US,1578283102,87,39.15,-123.21,48,3.74
81,Fortuna,75,US,1578283103,100,40.6,-124.16,44.01,6.93
82,Rapid Valley,90,US,1578283104,50,44.06,-103.15,30.99,4.7
83,Saskylakh,100,RU,1578283105,92,71.97,114.09,-16.62,16.02
84,Simplicio Mendes,100,BR,1578283106,81,-7.85,-41.91,73.67,2.06
85,Maracas,20,TT,1578283108,88,10.76,-61.44,73.99,8.81
86,Verkhnyaya Toyma,0,RU,1578283112,92,62.24,45,12.09,6.44
87,New Norfolk,20,AU,1578283113,49,-42.78,147.06,78.01,18.34
88,Saint-Joseph,0,FR,1578283114,86,43.56,6.97,48.99,5.82
89,Thompson,90,CA,1578283118,84,55.74,-97.86,6.8,8.05
90,Alfonsine,0,IT,1578283119,92,44.51,12.04,44.01,4.7
91,Hobyo,51,SO,1578283120,83,5.35,48.53,77.85,11.95
92,East London,20,ZA,1578283084,94,-33.02,27.91,68,3.36
93,Ilulissat,100,GL,1578283079,71,69.22,-51.1,8.6,12.75
94,Avarua,100,CK,1578283055,88,-21.21,-159.78,80.6,5.82
95,Talnakh,75,RU,1578283125,92,69.49,88.39,19.4,26.84
96,Sharkan,97,RU,1578283126,91,57.3,53.87,28.99,3
97,Vung Tau,0,VN,1578283127,55,10.35,107.08,83.41,7.47
98,Coos Bay,90,US,1578283013,93,43.37,-124.22,48,9.17
99,Castro,48,CL,1578283138,87,-42.48,-73.76,50,4.7
100,Ashqelon,0,IL,1578283139,57,31.67,34.57,51.8,10.29
101,Kondinskoye,88,RU,1578283140,95,59.65,67.41,14.88,8.84
102,Bubaque,0,GW,1578283141,43,11.28,-15.83,77.02,17.49
103,Barrow,100,AR,1578283054,89,-38.31,-60.23,61.7,7.25
104,Buala,47,SB,1578283120,70,-8.15,159.59,85.53,8.97
105,Luderitz,0,NA,1578283145,85,-26.65,15.16,62.92,20.76
106,Komsomolskiy,100,RU,1578283146,94,67.55,63.78,9.1,16.98
107,Yellowknife,5,CA,1578283147,75,62.45,-114.38,-18,8.05
108,Liverpool,90,GB,1578282858,81,53.41,-2.98,48.2,11.41
109,Kosh-Agach,35,RU,1578283149,94,49.99,88.66,-12.71,1.01
110,Cherskiy,1,RU,1578283150,63,68.75,161.3,-9.81,4.23
111,Torrevieja,0,ES,1578283151,100,37.98,-0.68,45,4.7
112,Dunedin,70,NZ,1578283153,52,-45.87,170.5,55,45.01
113,Liyang,90,CN,1578283154,82,31.42,119.48,55.99,4.47
114,Torbay,90,CA,1578283080,100,47.66,-52.73,32,32.21
115,Te Anau,60,NZ,1578282886,77,-45.41,167.72,43.54,11.92
116,Salekhard,2,RU,1578283157,82,66.54,66.62,13.95,13.62
117,Motygino,100,RU,1578283118,95,58.18,94.69,22.98,6.04
118,Mar del Plata,64,AR,1578283056,57,-46.43,-67.52,56.43,23.22
119,Severo-Kurilsk,99,RU,1578283160,91,50.68,156.12,26.65,8.43
120,Port Macquarie,90,AU,1578283161,61,-31.43,152.91,88,12.75
121,Tignere,99,CM,1578283163,33,7.37,12.65,61.9,1.74
122,Fairbanks,90,US,1578283055,67,64.84,-147.72,-20,2.15
123,Montepuez,100,MZ,1578283123,97,-13.13,39,71.33,2.44
124,Hambantota,20,LK,1578283166,88,6.12,81.12,82.4,10.29
125,Narsaq,100,GL,1578283167,78,60.91,-46.05,17.6,4.7
126,Faya,1,SA,1578283168,87,18.39,42.45,55.4,4.7
127,Ancud,0,CL,1578283095,87,-41.87,-73.83,50,4.7
128,Santa Cruz,96,BR,1578283170,84,-6.22,-36.02,74.23,5.79
129,Amapa,75,HN,1578283172,88,15.09,-87.97,68,1.86
130,Kapaa,75,US,1578283173,78,22.08,-159.32,80.6,18.34
131,Concordia,0,AR,1578283174,69,-31.4,-58.02,73.99,5.5
132,Munirabad,40,IN,1578283175,81,15.28,76.33,71.47,12.41
133,Saint George,75,GR,1578283074,38,39.45,22.34,42.8,12.75
134,Bonavista,100,CA,1578283177,96,48.65,-53.11,30.42,40.04
135,La Puebla del Rio,0,ES,1578283178,93,37.27,-6.06,46,4.7
136,Antofagasta,46,CL,1578282968,82,-23.65,-70.4,68,1.12
137,Marawi,7,PH,1578283180,78,8,124.29,82,7
138,Nikolskoye,75,RU,1578283182,79,59.7,30.79,27,8.95
139,Bogo,100,CM,1578283183,35,10.74,14.61,62.06,10.13
140,Clyde River,1,CA,1578283184,52,70.47,-68.59,-38.2,19.46
141,Taltal,0,CL,1578283054,80,-25.41,-70.49,61.41,1.39
142,Sal Rei,97,CV,1578283207,64,16.18,-22.92,68,17.22
143,Cordoba,0,AR,1578283208,34,-27.78,-67.24,86.94,5.12
144,Tuatapere,100,NZ,1578283209,87,-46.13,167.69,48.99,23
145,Salalah,75,OM,1578283211,78,17.01,54.1,75.2,4.7
146,Great Yarmouth,3,GB,1578283212,75,52.61,1.73,46.4,11.41
147,Aykhal,90,RU,1578283213,84,65.95,111.51,-0.4,6.71
148,Isangel,20,VU,1578283214,49,-19.55,169.27,89.6,14.99
149,Hualmay,60,PE,1578283215,77,-11.1,-77.61,68.94,2.66
150,Chimbote,98,PE,1578283216,74,-9.08,-78.59,71.82,5.26
151,San Patricio,0,PY,1578283217,53,-26.98,-56.83,78.6,8.46
152,Miles City,1,US,1578283218,58,46.41,-105.84,27,9.17
153,Tilichiki,83,RU,1578283220,70,60.47,166.1,-8.73,7.83
154,Sitka,0,US,1578283221,49,37.17,-99.65,37,6.64
155,Ban Phai,0,TH,1578283222,57,16.55,102.46,80.6,6.93
156,Usmajac,5,MX,1578283223,53,19.87,-103.55,73.4,0.58
157,Vestmanna,100,FO,1578283224,93,62.16,-7.17,48.2,18.34
158,Veraval,0,FR,1578283209,93,49.65,0.71,41,3.36
159,Svetlaya,0,RU,1578283226,55,46.54,138.33,23.79,10.94
160,Padang,0,ID,1578283228,55,-0.92,100.36,82.27,2.73
161,Dickinson,1,US,1578283229,63,46.88,-102.79,26.6,10.29
162,Nelson Bay,90,AU,1578283230,69,-32.72,152.14,75.99,14.99
163,Arman,18,RU,1578283231,66,59.7,150.17,16.54,8.75
164,Gobabis,100,NA,1578283232,53,-22.45,18.97,69.62,9.78
165,Springdale,1,US,1578283233,74,36.19,-94.13,42.8,2.73
166,Ostrovnoy,94,RU,1578283234,84,68.05,39.51,12.79,15.73
167,Hokitika,21,NZ,1578283235,65,-42.72,170.96,56.16,37.47
168,Nishihara,20,JP,1578283236,40,35.74,139.53,53.01,10.29
169,Gigmoto,79,PH,1578283050,78,13.78,124.39,81,23.4
170,Krutinka,94,RU,1578283239,95,56.01,71.51,9.32,10.56
171,Varhaug,90,NO,1578283240,93,58.61,5.65,46.4,8.05
172,Chara,75,GR,1578283241,38,39.42,22.43,42.8,12.75
173,Nova Olimpia,100,BR,1578283242,94,-14.8,-57.29,73.83,4.99
174,Sungaipenuh,4,ID,1578283049,62,-2.08,101.38,75.38,3.33
175,Omboue,99,GA,1578283244,91,-1.57,9.26,75.49,0.27
176,Kerouane,51,GN,1578283245,37,12.23,-12.34,66.2,2.24
177,Lebu,20,ET,1578283246,76,8.96,38.73,53.6,8.05
178,Chuy,0,UY,1578283247,85,-33.69,-53.46,69.55,11.83
179,Wanning,20,AT,1578283056,92,48.64,13.53,28.99,2.24
180,Mana,69,NG,1578283250,24,13.03,5.27,61.57,11.5
181,Anloga,100,GH,1578283251,77,5.79,0.9,69.8,2.24
182,Abu Kamal,47,SY,1578283252,76,34.45,40.92,47.41,0.94
183,La Ronge,90,CA,1578283118,77,55.1,-105.3,1.4,2.24
184,Patacamaya,87,BO,1578283275,60,-17.23,-67.92,47.12,5.5
185,Ribeira Grande,100,PT,1578283276,93,38.52,-28.7,60.04,16.71
186,Souillac,0,FR,1578283265,89,45.6,-0.6,36,4.7
187,Maniitsoq,100,GL,1578283278,98,65.42,-52.9,4.98,26.04
188,Buraydah,0,SA,1578283280,86,26.33,43.97,39.2,4.14
189,Pisco,65,PE,1578283281,83,-13.71,-76.2,69.8,14.99
190,Baykit,98,RU,1578283053,97,61.68,96.39,8.55,4.38
191,Angoram,98,PG,1578283283,61,-4.06,144.07,89.83,1.32
192,Tuktoyaktuk,20,CA,1578283287,67,69.44,-133.03,-23.8,4.7
193,Grindavik,90,IS,1578283288,97,63.84,-22.43,37.4,26.4
194,Bluff,74,AU,1578283289,38,-23.58,149.07,90.79,13.69
195,Mahebourg,75,MU,1578283290,94,-20.41,57.7,75.99,12.75
196,Egvekinot,0,RU,1578283125,87,66.32,-179.17,-13.04,9.62
197,Opunake,73,NZ,1578283293,68,-39.45,173.86,64,18.01
198,Paita,0,PE,1578283130,71,-5.09,-81.11,75.27,5.41
199,Petropavlovsk-Kamchatskiy,75,RU,1578283295,79,53.05,158.65,32,20.13
200,Shimoda,75,JP,1578283093,50,34.7,138.93,53.6,3.36
201,Kyaikkami,0,MM,1578283321,66,16.08,97.57,78.87,4.38
202,Grand Gaube,75,MU,1578283322,94,-20.01,57.66,75.99,12.75
203,Auki,58,NG,1578283120,28,12.18,6.51,62.94,13.85
204,Ankang,100,CN,1578283324,97,32.73,108.99,35.55,1.81
205,Beira,0,ES,1578283061,100,43.2,-8.36,39.99,8.05
206,Tongling,100,CN,1578283327,93,30.93,117.81,52.65,3.36
207,Itarema,43,BR,1578283328,94,-2.92,-39.92,77,4.32
208,Cacahoatan,40,MX,1578283329,88,14.98,-92.17,73.4,6.46
209,Port Lincoln,2,AU,1578283218,54,-34.72,135.86,68.05,10.22
210,Surt,90,LY,1578283340,75,31.21,16.59,56.14,16.42
211,Carnarvon,69,ZA,1578283341,82,-30.97,22.13,58.98,7.38
212,Ekhabi,96,RU,1578283342,87,53.51,142.97,25,14.72
213,Adrar,0,DZ,1578283114,48,27.87,-0.29,39.2,10.29
214,Anadyr,0,RU,1578283344,66,64.73,177.51,-29.2,6.71
215,Sioux Lookout,90,CA,1578283346,72,50.1,-91.92,17.6,17.22
216,Mazatlan,5,MX,1578283341,87,23.22,-106.42,69.01,3.36
217,Myaundzha,49,RU,1578283348,99,63.05,147.18,-17.46,1.52
218,Kankon,82,IN,1578283349,73,15.02,74.02,77,8.05
219,Lata,100,IN,1578283096,75,30.78,78.62,19.78,1.99
220,Kavaratti,20,IN,1578283351,65,10.57,72.64,82.4,7.2
221,Kuldur,61,RU,1578283356,85,49.22,131.63,8.29,2.51
222,Coffs Harbour,45,AU,1578283357,69,-30.3,153.13,89.6,10.29
223,Port Pirie,2,AU,1578283358,64,-33.18,138.01,71.85,9.13
224,Kavieng,29,PG,1578283280,69,-2.57,150.8,85.75,8.14
225,Moose Factory,90,CA,1578283360,84,51.26,-80.61,-0.4,6.93
226,Akdepe,90,TM,1578283364,73,42.05,59.39,26.6,4.7
227,Sohbatpur,99,PK,1578283365,77,28.52,68.54,53.37,2.21
228,Poso,100,ID,1578283366,96,-1.4,120.75,65.89,0.87
229,San Antonio,0,CL,1578283129,87,-33.58,-71.61,51.8,3.36
230,Svetlogorsk,90,RU,1578283369,92,53.14,59.15,26.6,8.95
231,Hadejia,95,NG,1578283370,30,12.45,10.04,61.41,9.17
232,Salinopolis,65,BR,1578283371,76,-0.61,-47.36,82.08,10.85
233,Povrly,75,CZ,1578283372,85,50.67,14.16,36,8.05
234,Upernavik,94,GL,1578283373,96,72.79,-56.15,-30.44,15.59
235,Ozernovskiy,42,RU,1578283374,82,51.5,156.52,31.48,36.37
236,Goksun,75,TR,1578283375,86,38.02,36.5,37.4,5.82
237,Babstovo,16,RU,1578283376,85,48.12,132.48,5.94,4.59
238,Vestmannaeyjar,100,IS,1578283377,91,63.44,-20.27,45.79,28.48
239,Mount Isa,75,AU,1578283379,22,-20.73,139.49,100.4,8.05
240,Yamada,40,JP,1578283380,45,36.58,137.08,48.2,3.36
241,Deqing,9,CN,1578283381,68,30.54,119.97,68,4.47
242,Kruisfontein,100,ZA,1578283382,87,-34,24.73,63.05,3
243,Khandbari,97,NP,1578283383,44,27.38,87.21,39.07,2.1
244,Kelowna,75,CA,1578283384,48,49.89,-119.5,39.2,19.46
245,Kudahuvadhoo,100,MV,1578283385,78,2.67,72.89,82.49,11.43
246,Mikhaylovka,48,RU,1578283386,91,52.96,103.29,4.37,3.96
247,Mamit,75,IN,1578283388,93,23.92,92.49,59,1.23
248,Narasingapuram,40,IN,1578283389,74,11.61,78.57,80.6,4.7
249,Oranjemund,12,ZA,1578283390,93,-28.55,16.43,59,4.9
250,Cayenne,75,GF,1578283321,94,4.94,-52.33,75.2,3.49
251,Vardo,90,US,1578283392,80,39.62,-77.74,33.01,2.71
252,Sorland,75,NO,1578283393,75,67.67,12.69,42.8,9.17
253,Port Moresby,40,PG,1578283395,59,-9.47,147.16,91.4,11.41
254,Pangnirtung,100,CA,1578283396,90,66.15,-65.72,-46.19,1.74
255,Shenjiamen,67,CN,1578283397,92,29.96,122.3,60.93,18.5
256,College,90,US,1578283193,67,64.86,-147.8,-15,1.77
257,Maloyaroslavets,75,RU,1578283399,86,55.01,36.47,30.2,6.71
258,Maragogi,100,BR,1578283246,78,-9.01,-35.22,80.02,8.61
259,Dudinka,75,RU,1578283401,92,69.41,86.18,19.4,26.84
260,Ponta do Sol,2,BR,1578283402,96,-20.63,-46,66.6,2.24
261,Newport,90,GB,1578283403,81,51.59,-3,48,12.75
262,Sao Filipe,98,CV,1578283405,67,14.9,-24.5,70.3,19.91
263,Saldanha,0,PT,1578283406,84,41.42,-6.55,34.38,0.56
264,Coahuayana,0,MX,1578283407,48,18.62,-100.35,72.73,3.58
265,Moron,1,HT,1578283408,78,18.56,-74.26,77.65,17.81
266,Sinnamary,24,GF,1578283409,78,5.38,-52.96,79.3,10.45
267,Apricena,5,IT,1578283410,38,41.78,15.44,41,16.11
268,Berlevag,100,NO,1578283411,75,70.86,29.09,25.29,15.14
269,Moroto,37,UG,1578283412,59,2.53,34.66,69.96,2.19
270,Glace Bay,90,CA,1578283413,92,46.2,-59.96,30,26.4
271,Cody,0,US,1578283414,48,44.53,-109.06,30.2,9.82
272,Aurada,0,IN,1578283415,59,18.25,77.42,64.8,8.34
273,Zhigansk,99,RU,1578283417,94,66.77,123.37,-11.67,16.67
274,Skjervoy,100,NO,1578283418,81,70.03,20.97,33.78,9.98
275,Pacific Grove,1,US,1578283419,81,36.62,-121.92,55,10.76
276,Qaqortoq,75,GL,1578283420,78,60.72,-46.03,17.6,4.7
277,Bathsheba,75,BB,1578283421,94,13.22,-59.52,73.4,12.75
278,Leh,100,IN,1578283431,79,34.16,77.58,3.78,3.69
279,San Andres,51,PH,1578283432,69,13.32,122.68,81.72,12.91
280,Lompoc,1,US,1578283433,35,34.64,-120.46,62.6,8.05
281,Zahirabad,47,IN,1578283434,58,17.68,77.61,66.79,11.81
282,Mount Darwin,33,ZW,1578283435,96,-16.77,31.58,64.92,2.55
283,Husavik,0,CA,1578283436,88,50.56,-96.99,12.99,5.99
284,Kieta,0,PG,1578283438,67,-6.22,155.63,85.8,6.11
285,Hamilton,90,CA,1578283250,94,43.26,-79.87,34,13.87
286,Fereydun Kenar,40,IR,1578283440,93,36.69,52.52,42.8,4.7
287,Kizilskoye,100,RU,1578283441,89,52.73,58.89,17.33,4.92
288,Tautira,40,PF,1578283442,74,-17.73,-149.15,84.2,6.93
289,Amahai,95,ID,1578283443,73,-3.31,129,84.07,9.6
290,Lagoa,0,PT,1578283444,81,37.14,-8.45,52,8.05
291,Hasaki,75,JP,1578283445,42,35.73,140.83,52,10.29
292,Banjar,81,ID,1578283446,66,-7.37,108.54,87.51,0.56
293,Rawson,93,AR,1578283448,59,-43.3,-65.11,61.61,16.02
294,Karatau,100,KZ,1578283449,58,43.18,70.46,25,1.01
295,Takoradi,100,GH,1578283450,58,4.89,-1.75,76.82,4.83
296,Victor Harbor,0,AU,1578283451,46,-35.55,138.62,75,16.11
297,Cao Bang,100,VN,1578283452,92,22.67,106.25,64.74,2.64
298,Menongue,57,AO,1578283453,96,-14.66,17.68,60.57,2.68
299,Yulara,91,AU,1578283454,54,-25.24,130.99,78.8,13.87
300,Iqaluit,90,CA,1578283455,68,63.75,-68.52,-16.6,16.11
301,Neka,40,IR,1578283456,93,36.65,53.3,42.8,4.7
302,Constitucion,20,MX,1578283457,36,23.99,-104.67,46.4,3.36
303,Plettenberg Bay,99,ZA,1578283459,89,-34.05,23.37,65.97,3.94
304,Acapulco,40,MX,1578283460,78,16.86,-99.88,80.6,3.36
305,Chunskiy,100,RU,1578283461,93,56.08,99.63,23.36,7.49
306,Kaitangata,100,NZ,1578283284,71,-46.28,169.85,52,20
307,Port Blair,40,IN,1578283466,74,11.67,92.75,82.4,12.75
308,Richards Bay,67,ZA,1578283467,89,-28.77,32.06,78.66,14.92
309,Frontera,90,MX,1578283468,100,18.53,-92.64,66.2,2.95
310,Marzuq,5,YE,1578283469,74,14.4,46.47,59.5,0.56
311,Laguna,75,BZ,1578283470,73,16.17,-88.94,73.4,9.17
312,Tadine,0,NC,1578283471,59,-21.55,167.88,81.93,12.33
313,Kodiak,1,US,1578283473,59,39.95,-94.76,35.6,6.93
314,Codrington,75,AU,1578283474,48,-28.95,153.24,91.4,10.29
315,Rondonopolis,67,BR,1578283475,81,-16.46,-54.64,74.43,2.59
316,Gizo,0,IL,1578283476,57,31.8,34.94,51.8,10.29
317,Maldonado,36,UY,1578283477,68,-34.91,-54.96,71.6,16.11
318,Okhotsk,0,RU,1578283478,79,59.36,143.24,5.38,9.13
319,Carson City,1,US,1578283479,73,39.16,-119.77,35.01,5.5
320,Cidreira,0,BR,1578283480,84,-30.17,-50.22,74.7,23.15
321,Burns Lake,77,CA,1578283482,86,54.23,-125.76,13.1,2.24
322,Uthal,27,PK,1578283236,49,25.81,66.62,65.88,5.28
323,Valparaiso,90,US,1578283484,75,41.47,-87.06,37.4,13.87
324,Foumban,100,CM,1578283485,43,5.73,10.9,62.38,2.04
325,Ossora,100,RU,1578283487,97,59.24,163.07,8.15,5.5
326,La Asuncion,45,AR,1578283509,79,-26.05,-65.39,63.73,9.35
327,Kahului,20,US,1578283289,61,20.89,-156.47,78.8,16.11
328,Farafangana,28,MG,1578283511,75,-22.82,47.83,78.94,3.04
329,Sao Joao da Barra,100,BR,1578283512,94,-21.64,-41.05,75.29,4.38
330,Champasak,0,LA,1578283513,57,14.89,105.88,80.6,2.24
331,Tasiilaq,100,GL,1578283515,90,65.61,-37.64,20.64,38.86
332,Havre-Saint-Pierre,1,CA,1578283516,71,50.23,-63.6,8.6,5.82
333,Wenling,73,CN,1578283517,69,28.38,121.38,71.01,3.47
334,Mirai,74,BR,1578283518,95,-21.2,-42.61,73,4.18
335,Sotouboua,70,TG,1578283522,32,8.56,0.98,70.84,2.39
336,Nome,1,US,1578283523,87,30.04,-94.42,60.01,5.82
337,Carsamba,100,TR,1578283524,74,41.2,36.72,35.6,5.64
338,Buenos Aires,90,AR,1578283362,77,-34.61,-58.44,71.6,17.22
339,Flinders,100,AU,1578283526,77,-34.58,150.85,73.99,13.87
340,Tirano,0,IT,1578283528,76,46.22,10.17,37,2.13
341,Bukama,100,CD,1578283529,98,-9.2,25.85,69.42,0.4
342,Atasu,0,KZ,1578283530,73,48.68,71.64,15.01,10.54
343,Morwa,16,BW,1578283532,93,-24.44,26.07,66.2,1.12
344,Volyne,0,CZ,1578283533,93,49.17,13.89,30,3.38
345,Chino Valley,1,US,1578283534,41,34.76,-112.45,44.01,9.17
346,Quang Ngai,2,VN,1578283535,77,15.12,108.8,75.42,8.7
347,Zabaykalsk,100,CN,1578283536,81,49.64,117.33,9.68,5.66
348,Sao Paulo de Olivenca,44,BR,1578283537,97,-3.38,-68.87,74.01,1.77
349,Rafai,100,CF,1578283538,33,4.95,23.92,63.28,2.19
350,Douentza,84,ML,1578283539,27,15.01,-2.95,51.15,3.42
351,Aitape,100,PG,1578283540,86,-3.15,142.36,80.58,13.47
352,Abilene,1,US,1578283541,45,32.45,-99.73,50,5.08
353,Pangkalanbuun,99,ID,1578283543,59,-2.68,111.62,89.33,2.93
354,Yarmouth,90,CA,1578283544,74,43.84,-66.12,28.4,20.8
355,Sidi Ali,0,DZ,1578283545,88,36.1,0.42,44.58,2.8
356,Yar-Sale,0,RU,1578283546,89,66.83,70.83,10.06,14.61
357,Zhigalovo,95,RU,1578283547,95,54.81,105.15,4.42,2.8
358,Ati,33,TD,1578283557,26,13.21,18.34,61.93,8.25
359,Samarai,19,PG,1578283558,65,-10.62,150.67,86.9,8.1
360,Pasighat,24,IN,1578283511,80,28.06,95.33,57.36,3.58
361,Abu Samrah,79,SY,1578283560,85,35.3,37.18,43.23,7.99
362,Hearst,100,CA,1578283338,95,49.69,-83.67,15.26,7.49
363,Muros,75,ES,1578283563,100,42.77,-9.06,44.01,2.24
364,Strezhevoy,90,RU,1578283564,92,60.73,77.6,24.8,15.66
365,Kaduqli,0,SD,1578283565,15,11.01,29.72,61.56,15.68
366,Rosarito,40,CO,1578283525,88,4.91,-75.23,69.8,5.82
367,Touros,20,BR,1578283284,83,-5.2,-35.46,78.8,5.82
368,Motril,9,ES,1578283568,100,36.75,-3.52,48.99,9.24
369,Huron,1,US,1578283569,79,44.36,-98.21,28.4,9.17
370,Lavrentiya,0,RU,1578283530,81,65.58,-170.99,-11.22,4.18
371,Santiago,51,PH,1578283572,77,16.69,121.54,75.79,4.07
372,Anastacio,63,BR,1578283573,49,-20.48,-55.81,81.21,7.14
373,Manadhoo,63,MV,1578283574,78,5.77,73.38,82.45,16.62
374,Saint-Augustin,20,CA,1578283279,72,45.63,-73.98,17.01,3.36
375,Fare,49,PF,1578283576,73,-16.7,-151.02,82.47,10.85
376,Belmonte,0,PT,1578283577,58,40.36,-7.35,35.01,3
377,Luba,0,PH,1578283579,53,17.32,120.7,83.32,5.12
378,Mehamn,100,NO,1578283580,67,71.03,27.85,21.2,8.05
379,Mapiripan,100,CO,1578283581,71,2.89,-72.13,75.54,4.54
380,Khasan,100,RU,1578283582,59,42.43,130.64,25.75,2.59
381,Kolosovka,81,RU,1578283583,95,56.47,73.61,9.48,9.66
382,Ouadda,0,CF,1578283584,30,8.07,22.4,62.6,5.79
383,Invermere,40,CA,1578283585,92,50.51,-116.03,20.21,5.73
384,Filadelfia,18,PY,1578283587,35,-22.35,-60.04,80.78,10.16
385,Mandalgovi,78,MN,1578283588,88,45.76,106.27,7.72,6.85
386,Monte Azul,60,BR,1578283470,95,-15.15,-42.87,65.98,3.53
387,Vitim,100,RU,1578283590,90,59.44,112.57,14.29,13.42
388,Ngunguru,8,NZ,1578283591,53,-35.62,174.5,70,15.01
389,Linxia,99,CN,1578283592,82,35.6,103.21,18.97,3.78
390,Batticaloa,0,LK,1578283593,77,7.71,81.69,80.82,4.45
391,Sao Joaquim,60,BR,1578283594,99,-28.29,-49.93,57.22,1.97
392,Lixourion,100,GR,1578283596,50,38.2,20.43,49.39,16.96
393,Santiago del Estero,0,AR,1578283597,28,-27.8,-64.26,81.66,8.08
394,Claresholm,1,CA,1578283337,44,50.02,-113.58,35.01,15.75
395,Bellview,1,US,1578283599,70,32.78,-95.7,55,2.33
396,Balabac,37,PH,1578283600,72,7.99,117.06,83.61,15.48
397,Kysyl-Syr,100,RU,1578283601,98,63.9,122.77,-12.93,6.38
398,Pitimbu,75,BR,1578283605,83,-7.47,-34.81,78.8,4.7
399,Yoichi,75,JP,1578283606,58,43.19,140.77,30.99,23.04
400,Crotone,0,IT,1578283607,56,39.09,17.12,43.11,33.2
401,La Rioja,6,AR,1578283608,47,-29.41,-66.86,74.14,24.02
402,Caetite,97,BR,1578283610,91,-14.07,-42.48,65.77,0.96
403,Balakhninskiy,100,RU,1578283611,91,58.01,114.28,5.34,2.19
404,Sisimiut,100,GL,1578283612,96,66.94,-53.67,-5.37,15.7
405,Sabinopolis,90,BR,1578283613,98,-18.67,-43.08,65.26,3.56
406,Green River,1,US,1578283614,79,41.53,-109.47,21.2,26.4
407,Asyut,0,EG,1578283318,60,27.18,31.19,41,11.41
408,Kupang,90,ID,1578283617,79,-10.16,123.6,86,12.75
409,Pingliang,98,CN,1578283618,73,35.54,106.68,23.5,5.79
410,Magadi,40,IN,1578283619,83,12.96,77.22,77,6.93
411,Esperance,0,AU,1578283620,13,-33.86,121.89,93.2,10.29
412,Garden City,1,US,1578283645,86,43.62,-116.24,34,6.93
413,Rocky Mountain House,100,CA,1578283646,73,52.38,-114.92,25.81,10.22
414,Zyryanka,0,RU,1578283647,84,65.73,150.89,-11.56,3.49
415,Nova Granada,0,BR,1578283648,88,-20.53,-49.32,73.4,4.7
416,Atar,0,MR,1578283649,27,20.52,-13.05,51.82,7.54
417,Llangefni,96,GB,1578283651,87,53.26,-4.31,48,26.4
418,Palimbang,75,PH,1578283652,58,14.9,120.78,88,6.93
419,Ahuimanu,90,US,1578283653,69,21.44,-157.84,78.8,6.93
420,La Plata,75,AR,1578283443,100,-34.92,-57.95,70,12.75
421,Toccoa,1,US,1578283655,56,34.58,-83.33,45,5.82
422,Naze,2,NG,1578283656,88,5.43,7.07,69.8,0.83
423,Agadez,1,NE,1578283658,30,16.97,7.99,55.4,6.93
424,Vila Praia de Ancora,0,PT,1578283659,100,41.81,-8.85,44.01,5.82
425,Christchurch,100,NZ,1578283595,37,-43.53,172.64,68,12.75
426,Aksu,90,KZ,1578283661,100,52.04,76.93,17.6,4.47
427,Prokopyevsk,100,RU,1578283662,87,53.89,86.74,14.09,9.84
428,Hashtrud,56,IR,1578283663,76,37.48,47.05,24.94,0.38
429,Hermosillo,5,MX,1578283606,55,29.09,-110.96,64.99,4.7
430,Inhambane,36,MZ,1578283665,81,-23.87,35.38,78.42,10.83
431,San Policarpo,21,PH,1578283666,76,12.18,125.51,82.27,15.08
432,Ambilobe,100,MG,1578283668,90,-13.19,49.05,76.93,3.47
433,Krasnoturansk,100,RU,1578283669,62,54.32,91.57,23,6.71
434,Sokoto,64,NG,1578283670,23,13.06,5.24,62.78,13.15
435,Puerto Madryn,84,AR,1578283448,38,-42.77,-65.04,63.05,8.86
436,Golpayegan,0,IR,1578283675,52,33.46,50.29,28.45,3.69
437,Poum,40,MK,1578283676,46,41.28,20.71,28.4,17.22
438,Esfarayen,75,IR,1578283677,86,37.08,57.51,30.2,1.28
439,Vila Velha,75,BR,1578283678,78,-3.71,-38.6,86,5.82
440,The Valley,40,AI,1578283680,78,18.22,-63.06,78.8,8.05
441,Yumbe,82,UG,1578283681,37,3.47,31.25,75.58,1.86
442,Nianzishan,100,CN,1578283682,94,47.51,122.88,10.4,7.18
443,Sobolevo,20,RU,1578283552,91,54.43,31.9,24.75,5.32
444,Palmer,0,AU,1578283687,46,-34.85,139.16,79,16.11
445,Meulaboh,29,ID,1578283688,76,4.14,96.13,80.6,5.77
446,Calbiga,10,PH,1578283689,63,11.63,125.02,85.69,9.04
447,Dothan,1,US,1578283687,70,31.22,-85.39,46,4.7
448,Cabo San Lucas,40,MX,1578283519,77,22.89,-109.91,70,8.05
449,Mirnyy,82,RU,1578283693,94,56.57,36.46,26.06,4.38
450,Carroll,0,AU,1578283694,22,-30.99,150.44,96.8,10.29
451,Namatanai,87,PG,1578283695,71,-3.66,152.44,85.84,8.95
452,Pocoes,100,BR,1578283696,97,-14.53,-40.37,67.21,2.3
453,Klaksvik,100,FO,1578283697,100,62.23,-6.59,48.2,20.8
454,Inuvik,90,CA,1578283698,68,68.36,-133.71,-16.6,6.93
455,Chimore,100,BO,1578283699,98,-16.98,-65.13,74.32,1.32
456,Entre Rios,100,BR,1578283700,95,-11.94,-38.08,72.82,2.19
457,Bastia,0,IT,1578283701,57,44.6,8.98,48.2,11.41
458,Los Reyes,99,MX,1578283703,91,20.15,-98.16,46.8,0.72
459,Oktyabrskoye,75,RU,1578283704,85,56.73,85.44,26.01,13.42
460,Coihaique,40,CL,1578283705,76,-45.58,-72.07,50,3.36
461,Calmar,90,CA,1578283706,75,53.27,-113.81,32,20.8
462,Iturama,0,BR,1578283707,88,-19.73,-50.2,70.79,6.06
463,Arraial do Cabo,100,BR,1578283708,86,-22.97,-42.02,76.08,2.51
464,Praya,40,ID,1578283695,70,-8.71,116.27,87.8,17.22
465,Bolshoy Lug,20,RU,1578283710,92,52.08,104.09,6.8,2.24
466,Mangan,41,IN,1578283711,32,27.5,88.54,43.47,1.97
467,Lazaro Cardenas,5,MX,1578283713,52,28.39,-105.62,48,6.93
468,Maniwaki,100,CA,1578283714,92,46.38,-75.98,9.88,1.86
469,Varginha,2,BR,1578283715,96,-21.56,-45.43,65.75,3.02
470,Carballo,0,ES,1578283716,100,43.21,-8.69,39.99,8.05
471,Bafoulabe,0,ML,1578283717,18,13.81,-10.83,61.12,5.35
472,Clarksville,1,US,1578283718,70,36.53,-87.36,46.4,3.36
473,Atambua,100,ID,1578283719,79,-9.11,124.89,80.01,6.73
474,Evensk,6,RU,1578283720,46,61.92,159.24,-2.27,4.45
475,Nanortalik,100,GL,1578283721,71,60.14,-45.24,28.49,29.53
476,Phalodi,97,IN,1578283723,34,27.13,72.36,62.1,7.92
477,Sept-Iles,5,CA,1578283463,66,50.2,-66.38,10.99,10.29
478,Broome,3,GB,1578283725,87,52.47,1.45,46.4,10.29
479,Deputatskiy,85,RU,1578283726,76,69.3,139.9,-17.93,0.74
480,Madimba,40,CM,1578283727,94,4.42,9.93,78.8,3.36
481,Chicama,60,PE,1578283728,88,-7.84,-79.15,69.8,9.17
482,Coquimbo,0,CL,1578283729,82,-29.95,-71.34,60.8,3.36
483,Naryan-Mar,95,RU,1578283730,85,67.67,53.09,16.61,13.87
484,Puerto Narino,21,CO,1578283731,100,-3.77,-70.38,77,2.15
485,Saint Anthony,90,US,1578283733,85,43.97,-111.68,26.6,11.41
486,Prescott Valley,1,US,1578283734,41,34.61,-112.32,45,9.17
487,Ust-Maya,100,RU,1578283592,97,60.42,134.54,-2.69,5.55
488,Khatanga,99,RU,1578283757,98,71.98,102.47,-2.85,5.68
489,Coaticook,90,CA,1578283758,92,45.13,-71.8,16,3.27
490,Port Hardy,75,CA,1578283759,93,50.7,-127.42,35.6,2.24
491,Campbell River,40,CA,1578283760,92,50.02,-125.24,37.4,2.24
492,Rio Rancho,1,US,1578283761,68,35.27,-106.63,43,4.7
493,Mareeba,2,AU,1578283763,66,-16.99,145.42,91,8.05
494,Dhidhdhoo,31,MV,1578283764,77,6.88,73.1,82.24,11.65
495,Zbarazh,74,UA,1578283765,90,49.66,25.78,22.3,7.2
496,Port-Gentil,100,GA,1578283583,76,-0.72,8.78,82.04,5.66
497,Virbhadra,100,IN,1578283767,52,30.07,78.28,46.42,4.14
498,Bara,71,NG,1578283777,39,10.41,10.6,59.81,5.86
499,Conceicao do Araguaia,100,BR,1578283778,96,-8.26,-49.26,73.49,2.15
500,Maltahohe,0,NA,1578283779,29,-24.83,16.98,65.82,11.5
501,Biltine,0,TD,1578283780,24,14.53,20.93,59.61,7.52
502,Timbuktu,0,ML,1578283781,23,16.77,-3.01,57.42,10.09
503,Sao Jose da Coroa Grande,100,BR,1578283783,78,-8.9,-35.15,80.02,8.61
504,Ribeira Brava,40,PT,1578283784,67,32.65,-17.07,62.6,6.93
505,Ulladulla,100,AU,1578283785,77,-35.36,150.48,69.8,13.87
506,Guymon,1,US,1578283741,74,36.68,-101.48,33.8,11.41
507,Muroto,75,JP,1578283787,40,33.37,134.14,53.6,5.82
508,Satkhira,0,BD,1578283788,93,22.72,89.08,60.8,4.7
509,Leshukonskoye,98,RU,1578283789,93,64.9,45.76,19.71,8.41
510,Banda Aceh,54,ID,1578283790,63,5.56,95.32,83.07,9.91
511,Denpasar,75,ID,1578283792,83,-8.65,115.22,84.2,10.29
512,Karachi,20,PK,1578283503,76,24.87,67.03,57.2,9.17
513,Moree,0,AU,1578283535,21,-29.46,149.84,95,16.11
514,Challakere,73,IN,1578283795,83,14.31,76.65,70.52,14.52
515,Cofradia,5,MX,1578283817,49,20.03,-103.55,48.2,0.58
516,Thunder Bay,90,CA,1578283818,73,48.41,-89.26,24.01,23.04
517,Quatre Cocos,75,MU,1578283819,94,-20.21,57.76,75.99,12.75
518,Zelenogorskiy,90,RU,1578283820,85,55.03,87,21.2,8.95
519,Baruun-Urt,62,MN,1578283821,92,46.68,113.28,6.46,7.05
520,Xichang,68,CN,1578283822,86,27.88,102.25,38.89,9.73
521,Weyburn,0,CA,1578283824,83,49.67,-103.85,16,5.01
522,Avera,1,US,1578283825,45,33.19,-82.53,48.2,4.7
523,Breves,66,BR,1578283826,97,-1.68,-50.48,73.29,3.2
524,Peniche,0,PT,1578283827,100,39.36,-9.38,48.99,2.24
525,Henties Bay,75,NA,1578283828,91,-22.12,14.28,63,1.01
526,Barabai,100,ID,1578283829,59,-2.59,115.38,88.07,2.86
527,Makakilo City,90,US,1578283830,69,21.35,-158.09,78.8,6.93
528,Mitsamiouli,20,KM,1578283831,69,-11.38,43.28,78.8,5.82
529,Tianpeng,100,CN,1578283832,92,28.88,112.34,47.88,5.57
530,Pierre,1,US,1578283834,77,44.37,-100.35,33.01,10.29
531,Micoud,90,LC,1578283835,94,13.82,-60.9,75.2,11.41
532,Normandin,90,CA,1578283836,72,48.84,-72.53,12.2,8.05
533,Hede,99,SE,1578283837,92,60.45,15.49,37,5.82
534,Tabou,0,CI,1578283838,82,4.42,-7.36,68.54,3.44
535,Sambava,72,MG,1578283839,93,-14.27,50.17,70.92,2.35
536,Changping,0,CN,1578283840,86,40.22,116.23,39,4.47
537,Inirida,0,CO,1578283841,72,3.87,-67.92,72.73,4.12
538,Ixtapa,5,MX,1578283770,72,20.71,-105.21,68,2.24
539,Euclid,90,US,1578283843,79,41.59,-81.53,41,14.99
540,Luganville,75,VU,1578283845,74,-15.51,167.18,86,10.29
541,Westport,1,US,1578283742,55,41.14,-73.36,37.4,4.7
542,Aguimes,75,ES,1578283847,72,27.91,-15.45,62.6,10.29
543,Kroonstad,0,ZA,1578283848,88,-27.65,27.24,64.99,5.03
544,Pestovo,75,RU,1578283849,86,55.36,37.98,33.01,4.47
545,Bahia Blanca,100,AR,1578283850,68,-38.72,-62.27,68.54,1.61
546,Alofi,3,NU,1578283588,94,-19.06,-169.92,78.8,10.29
547,Pinega,99,RU,1578283852,93,64.7,43.39,15.15,9.95
548,Morgantown,90,US,1578283679,69,39.63,-79.96,37,12.75
